<?xml version="1.0" encoding="UTF-8"?>
<!--
   Copyright (c) Metadata Partners, LLC.
   All rights reserved.

   See LICENSE at root of the distribution for
   license details.        
-->
<project  xmlns="http://maven.apache.org/POM/4.0.0" xmlns:xsi="http://www.w3.org/2001/XMLSchema-instance" xsi:schemaLocation="http://maven.apache.org/POM/4.0.0 http://maven.apache.org/maven-v4_0_0.xsd" >
 <modelVersion>4.0.0</modelVersion>
 <groupId>com.datomic</groupId>
 <artifactId>datomic-transactor-free</artifactId>
 <name>datomic-transactor-free</name>
 <version>0.9.5407</version>
 <organization>
  <name>Metadata Partners, LLC</name>
  <url>http://datomic.com</url>
 </organization>
 <properties>
  <project.build.sourceEncoding>UTF-8</project.build.sourceEncoding>
 </properties>
 <dependencies>
  <dependency>
   <groupId>org.clojure</groupId>
   <artifactId>clojure</artifactId>
   <version>1.8.0</version>
  </dependency>
  <dependency>
   <groupId>org.clojure</groupId>
   <artifactId>tools.cli</artifactId>
   <version>0.2.2</version>
   <exclusions>
    <exclusion>
     <groupId>org.clojure</groupId>
     <artifactId>clojure</artifactId>
    </exclusion>
   </exclusions>
  </dependency>
  <dependency>
   <groupId>org.fressian</groupId>
   <artifactId>fressian</artifactId>
   <version>0.6.5</version>
  </dependency>
  <dependency>
   <groupId>org.codehaus.groovy</groupId>
   <artifactId>groovy-all</artifactId>
   <version>1.8.9</version>
  </dependency>
  <dependency>
   <groupId>org.fusesource.jansi</groupId>
   <artifactId>jansi</artifactId>
   <version>1.11</version>
  </dependency>
  <dependency>
   <groupId>commons-codec</groupId>
   <artifactId>commons-codec</artifactId>
   <version>1.5</version>
  </dependency>
  <dependency>
   <groupId>commons-cli</groupId>
   <artifactId>commons-cli</artifactId>
   <version>1.2</version>
  </dependency>
  <dependency>
   <groupId>enlive</groupId>
   <artifactId>enlive</artifactId>
   <version>1.0.1</version>
   <scope>provided</scope>
   <exclusions>
    <exclusion>
     <groupId>org.clojure</groupId>
     <artifactId>clojure</artifactId>
    </exclusion>
   </exclusions>
  </dependency>
  <dependency>
   <groupId>ring</groupId>
   <artifactId>ring</artifactId>
   <version>1.1.1</version>
   <scope>provided</scope>
   <exclusions>
    <exclusion>
     <groupId>org.clojure</groupId>
     <artifactId>clojure</artifactId>
    </exclusion>
    <exclusion>
     <groupId>javax.servlet</groupId>
     <artifactId>servlet-api</artifactId>
    </exclusion>
   </exclusions>
  </dependency>
  <dependency>
   <groupId>hiccup</groupId>
   <artifactId>hiccup</artifactId>
   <version>1.0.1</version>
   <scope>provided</scope>
   <exclusions>
    <exclusion>
     <groupId>org.clojure</groupId>
     <artifactId>clojure</artifactId>
    </exclusion>
   </exclusions>
  </dependency>
  <dependency>
   <groupId>liberator</groupId>
   <artifactId>liberator</artifactId>
   <version>0.5.0</version>
   <scope>provided</scope>
   <exclusions>
    <exclusion>
     <groupId>org.clojure</groupId>
     <artifactId>clojure</artifactId>
    </exclusion>
   </exclusions>
  </dependency>
  <dependency>
   <groupId>net.cgrand</groupId>
   <artifactId>moustache</artifactId>
   <version>1.1.0</version>
   <scope>provided</scope>
   <exclusions>
    <exclusion>
     <groupId>org.clojure</groupId>
     <artifactId>clojure</artifactId>
    </exclusion>
   </exclusions>
  </dependency>
  <dependency>
   <groupId>org.eclipse.jetty</groupId>
   <artifactId>jetty-server</artifactId>
   <version>8.1.11.v20130520</version>
   <scope>provided</scope>
  </dependency>
  <dependency>
   <groupId>org.eclipse.jetty</groupId>
   <artifactId>jetty-servlet</artifactId>
   <version>8.1.11.v20130520</version>
   <scope>provided</scope>
  </dependency>
  <dependency>
   <groupId>ch.qos.logback</groupId>
   <artifactId>logback-classic</artifactId>
   <version>1.0.13</version>
  </dependency>
  <dependency>
   <groupId>org.slf4j</groupId>
   <artifactId>jul-to-slf4j</artifactId>
   <version>1.7.7</version>
  </dependency>
  <dependency>
   <groupId>org.slf4j</groupId>
   <artifactId>log4j-over-slf4j</artifactId>
   <version>1.7.7</version>
   <scope>runtime</scope>
  </dependency>
  <dependency>
   <groupId>org.slf4j</groupId>
   <artifactId>jcl-over-slf4j</artifactId>
   <version>1.7.7</version>
  </dependency>
  <dependency>
   <groupId>org.apache.activemq</groupId>
   <artifactId>artemis-server</artifactId>
   <version>1.4.0</version>
   <exclusions>
    <exclusion>
     <groupId>org.jgroups</groupId>
     <artifactId>jgroups</artifactId>
    </exclusion>
    <exclusion>
     <groupId>commons-logging</groupId>
     <artifactId>commons-logging</artifactId>
    </exclusion>
   </exclusions>
  </dependency>
  <dependency>
   <groupId>org.apache.activemq</groupId>
   <artifactId>artemis-hornetq-protocol</artifactId>
   <version>1.4.0</version>
   <exclusions>
    <exclusion>
     <groupId>commons-logging</groupId>
     <artifactId>commons-logging</artifactId>
    </exclusion>
   </exclusions>
  </dependency>
  <dependency>
   <groupId>com.h2database</groupId>
   <artifactId>h2</artifactId>
   <version>1.3.171</version>
  </dependency>
  <dependency>
   <groupId>com.datomic</groupId>
   <artifactId>datomic-lucene-core</artifactId>
   <version>3.3.0</version>
  </dependency>
  <dependency>
   <groupId>com.google.guava</groupId>
   <artifactId>guava</artifactId>
   <version>18.0</version>
  </dependency>
  <dependency>
   <groupId>org.apache.tomcat</groupId>
   <artifactId>tomcat-jdbc</artifactId>
   <version>7.0.27</version>
   <exclusions>
    <exclusion>
     <groupId>commons-logging</groupId>
     <artifactId>commons-logging</artifactId>
    </exclusion>
   </exclusions>
  </dependency>
  <dependency>
   <groupId>org.codehaus.janino</groupId>
   <artifactId>commons-compiler-jdk</artifactId>
   <version>2.6.1</version>
  </dependency>
  <dependency>
   <groupId>jline</groupId>
   <artifactId>jline</artifactId>
   <version>0.9.9</version>
   <exclusions>
    <exclusion>
     <groupId>junit</groupId>
     <artifactId>junit</artifactId>
    </exclusion>
   </exclusions>
  </dependency>
  <dependency>
   <groupId>jline-win</groupId>
   <artifactId>jline-win</artifactId>
   <version>1.0</version>
   <exclusions>
    <exclusion>
     <groupId>junit</groupId>
     <artifactId>junit</artifactId>
    </exclusion>
   </exclusions>
  </dependency>
  <dependency>
   <groupId>bsh</groupId>
   <artifactId>bsh</artifactId>
   <version>2.1b5</version>
  </dependency>
 </dependencies>
 <build>
  <sourceDirectory>src/java</sourceDirectory>
  <resources>
   <resource>
    <directory>src/resources</directory>
   </resource>
  </resources>
  <plugins>
   <plugin>
    <groupId>org.apache.maven.plugins</groupId>
    <artifactId>maven-enforcer-plugin</artifactId>
    <version>1.0-alpha-3</version>
    <executions>
     <execution>
      <id>ban-other-loggers</id>
      <goals>
       <goal>enforce</goal>
      </goals>
      <configuration>
       <rules>
        <bannedDependencies>
         <searchTransitive>true</searchTransitive>
         <excludes>
          <exclude>log4j:log4j</exclude>
          <exclude>commons-logging</exclude>
          <exclude>org.slf4j:slf4j-log4j12</exclude>
         </excludes>
         <message>Secondary logging frameworks are banned in preference to org.slf4j:*-over-slf4j</message>
        </bannedDependencies>
       </rules>
      </configuration>
     </execution>
    </executions>
   </plugin>
   <plugin>
    <artifactId>maven-compiler-plugin</artifactId>
    <version>2.3.2</version>
    <configuration>
     <source>1.5</source>
     <target>1.5</target>
     <additionalClasspathElements>
      <additionalClasspathElement>src/resources</additionalClasspathElement>
     </additionalClasspathElements>
    </configuration>
   </plugin>
   <plugin>
    <groupId>org.codehaus.mojo</groupId>
    <artifactId>build-helper-maven-plugin</artifactId>
    <version>1.5</version>
    <executions>
     <execution>
      <id>add-source-dirs</id>
      <phase>generate-sources</phase>
      <goals>
       <goal>add-source</goal>
      </goals>
     </execution>
    </executions>
    <configuration>
     <sources>
      <source>src/java</source>
      <source>target/generated-sources/keywords</source>
     </sources>
    </configuration>
   </plugin>
   <plugin>
    <groupId>com.theoryinpractise</groupId>
    <artifactId>clojure-maven-plugin</artifactId>
    <version>1.3.6</version>
    <configuration>
     <vmargs>-server -Xmx1G -Xms1G -Xmn256m -XX:-PrintGCDetails -XX:-PrintGCApplicationConcurrentTime -XX:-PrintGCApplicationStoppedTime -XX:+DisableExplicitGC -XX:+UseConcMarkSweepGC -XX:+CMSIncrementalMode -Dclojure.compiler.elide-meta='[:doc :file :line]'</vmargs>
     <sourceDirectories>
      <sourceDirectory>src/clj</sourceDirectory>
     </sourceDirectories>
     <copiedNamespaces>
      <namespace>!.*</namespace>
     </copiedNamespaces>
     <warnOnReflection>true</warnOnReflection>
    </configuration>
    <executions>
     <execution>
      <id>compile-clojure</id>
      <phase>compile</phase>
      <goals>
       <goal>compile</goal>
      </goals>
     </execution>
     <execution>
      <id>test-clojure</id>
      <phase>test</phase>
      <goals>
       <goal>test</goal>
      </goals>
     </execution>
    </executions>
   </plugin>
   <plugin>
    <artifactId>maven-assembly-plugin</artifactId>
    <version>2.2</version>
    <configuration>
     <descriptorId>jar-with-dependencies</descriptorId>
     <descriptors>
      <descriptor>src/assembly/all.xml</descriptor>
     </descriptors>
    </configuration>
   </plugin>
  </plugins>
 </build>
 <repositories>
  <repository>
   <id>project</id>
   <url>http://mrep.s3-website-us-east-1.amazonaws.com</url>
   <releases>
    <enabled>true</enabled>
   </releases>
   <snapshots>
    <enabled>false</enabled>
   </snapshots>
  </repository>
  <repository>
   <id>Sonatype</id>
   <name>Sonatype Release</name>
   <url>https://oss.sonatype.org/content/repositories/releases</url>
   <releases>
    <enabled>true</enabled>
   </releases>
   <snapshots>
    <enabled>false</enabled>
   </snapshots>
  </repository>
  <repository>
   <id>jboss</id>
   <url>https://repository.jboss.org/nexus/content/groups/public</url>
   <releases>
    <enabled>true</enabled>
   </releases>
   <snapshots>
    <enabled>false</enabled>
   </snapshots>
  </repository>
  <repository>
   <id>clojure-releases</id>
   <url>http://build.clojure.org/releases</url>
   <releases>
    <enabled>true</enabled>
   </releases>
   <snapshots>
    <enabled>false</enabled>
   </snapshots>
  </repository>
  <repository>
   <id>clojure-snapshots</id>
   <url>http://build.clojure.org/snapshots</url>
   <releases>
    <enabled>false</enabled>
   </releases>
   <snapshots>
    <enabled>true</enabled>
   </snapshots>
  </repository>
  <repository>
   <id>jline-releases</id>
   <url>http://jline.sourceforge.net/m2repo</url>
   <releases>
    <enabled>true</enabled>
   </releases>
   <snapshots>
    <enabled>false</enabled>
   </snapshots>
  </repository>
  <repository>
   <id>couchbase-client</id>
   <url>http://files.couchbase.com/maven2</url>
   <releases>
    <enabled>true</enabled>
   </releases>
   <snapshots>
    <enabled>false</enabled>
   </snapshots>
  </repository>
 </repositories>
</project>
